City_ID,City,Country,Lat,Lng,Max Temp,Humidity,Cloudiness,Wind Speed,Weather Description,Snowfall Last Hour,Rainfall Last Hour
0,Rikitea,PF,-23.12,-134.97,71.22,72,3,15.03,clear sky,0,0.0
1,Hay River,CA,60.82,-115.8,66.2,68,75,3.36,broken clouds,0,0.0
2,Albany,US,42.6,-73.97,84.0,55,10,4.0,clear sky,0,0.0
3,Mahebourg,MU,-20.41,57.7,71.6,83,75,13.87,shower rain,0,0.0
4,Severo-Kurilsk,RU,50.68,156.12,49.98,91,100,6.76,light rain,0,0.19
5,Kostino,RU,58.91,53.27,60.57,96,42,2.39,scattered clouds,0,0.0
6,Lubango,AO,-14.92,13.49,57.78,36,0,4.9,clear sky,0,0.0
7,Bethel,US,41.37,-73.41,82.4,51,1,5.82,clear sky,0,0.0
8,Olafsvik,IS,64.89,-23.71,50.79,83,58,4.18,broken clouds,0,0.0
9,Kirensk,RU,57.79,108.11,68.7,56,75,4.61,broken clouds,0,0.0
10,Port Lincoln,AU,-34.73,135.87,54.86,77,17,2.89,few clouds,0,0.0
11,Hithadhoo,MV,-0.6,73.08,84.83,72,71,9.19,broken clouds,0,0.0
12,Bredasdorp,ZA,-34.53,20.04,57.2,44,0,12.75,light rain,0,0.94
13,Barrow,US,71.29,-156.79,39.2,80,90,8.05,overcast clouds,0,0.0
14,Butaritari,KI,3.07,172.79,83.71,75,64,11.88,broken clouds,0,0.0
15,Airai,TL,-8.93,125.41,63.61,78,95,5.77,overcast clouds,0,0.0
16,Vaini,TO,-21.2,-175.2,73.4,73,75,17.22,light intensity drizzle,0,0.0
17,Thompson,CA,55.74,-97.86,73.4,56,75,6.93,broken clouds,0,0.0
18,Beloha,MG,-25.17,45.05,63.36,83,61,5.17,broken clouds,0,0.0
19,Sayyan,YE,15.17,44.32,66.27,62,22,4.05,few clouds,0,0.0
20,Pevek,RU,69.7,170.31,49.21,70,69,6.15,broken clouds,0,0.0
21,Cape Town,ZA,-33.93,18.42,57.2,82,90,33.33,heavy intensity rain,0,14.48
22,Longyearbyen,SJ,78.22,15.64,44.89,77,86,1.39,overcast clouds,0,0.0
23,Podgornoye,RU,51.73,39.15,69.8,56,34,6.71,light rain,0,0.28
24,Rafai,CF,4.95,23.92,69.67,97,100,0.72,light rain,0,0.6
25,Pericos,MX,25.05,-107.7,96.01,48,62,5.01,broken clouds,0,0.0
26,Frederico Westphalen,BR,-27.36,-53.39,63.0,93,9,2.68,clear sky,0,0.0
27,Port Hardy,CA,50.7,-127.42,57.2,82,75,5.82,broken clouds,0,0.0
28,Tezu,IN,27.92,96.17,75.09,86,100,3.42,moderate rain,0,1.36
29,Basco,PH,20.45,121.97,84.76,80,67,11.63,broken clouds,0,0.0
30,Arawa,PG,-6.21,155.54,80.83,81,100,7.09,heavy intensity rain,0,4.35
31,Port Macquarie,AU,-31.43,152.92,52.0,97,1,1.01,clear sky,0,0.0
32,Antofagasta,CL,-23.65,-70.4,57.2,76,90,5.82,overcast clouds,0,0.0
33,Ushuaia,AR,-54.8,-68.3,35.6,80,40,16.11,scattered clouds,0,0.0
34,Cap Malheureux,MU,-19.98,57.61,71.01,76,3,8.99,clear sky,0,0.0
35,Kungurtug,RU,50.6,97.52,62.02,76,36,1.72,scattered clouds,0,0.0
36,Gubkinskiy,RU,64.43,76.5,58.01,78,83,15.93,light rain,0,0.2
37,Tromso,NO,69.65,18.96,50.0,93,75,4.7,broken clouds,0,0.0
38,Garowe,SO,8.41,48.48,77.9,64,78,30.22,broken clouds,0,0.0
39,Hermanus,ZA,-34.42,19.23,57.99,71,44,13.0,heavy intensity rain,0,7.41
40,Tuktoyaktuk,CA,69.45,-133.04,57.2,67,75,8.05,broken clouds,0,0.0
41,Slavsk,RU,55.04,21.68,49.1,95,1,7.31,clear sky,0,0.0
42,Kodiak,US,57.79,-152.41,57.2,67,90,13.87,overcast clouds,0,0.0
43,Punta Arenas,CL,-53.15,-70.92,33.8,84,72,13.87,light snow,0,0.0
44,Mar Del Plata,AR,-38.0,-57.56,42.8,56,1,12.75,clear sky,0,0.0
45,Mataura,NZ,-46.19,168.86,42.94,86,86,3.98,overcast clouds,0,0.0
46,Carnarvon,AU,-24.87,113.63,55.4,100,14,5.82,few clouds,0,0.0
47,Kandiaro,PK,27.06,68.21,89.8,59,3,8.72,clear sky,0,0.0
48,Torbay,CA,47.67,-52.73,57.0,87,90,18.34,overcast clouds,0,0.0
49,Port Alfred,ZA,-33.59,26.89,58.23,36,0,10.2,clear sky,0,0.0
50,Hobart,AU,-42.88,147.33,42.01,86,75,4.7,broken clouds,0,0.0
51,The Valley,AI,18.22,-63.06,84.2,79,40,10.29,scattered clouds,0,0.0
52,Abha,SA,18.22,42.51,73.4,53,20,9.17,few clouds,0,0.0
53,East London,ZA,-33.02,27.91,58.8,43,0,15.03,clear sky,0,0.0
54,Cairns,AU,-16.92,145.77,73.4,73,75,10.29,broken clouds,0,0.0
55,Karratha,AU,-20.74,116.85,62.73,29,31,18.34,scattered clouds,0,0.0
56,Jamestown,US,42.1,-79.24,73.0,68,40,11.41,scattered clouds,0,0.0
57,Udachnyy,RU,66.42,112.4,59.0,67,20,6.71,few clouds,0,0.0
58,Sao Joao Da Barra,BR,-21.64,-41.05,71.87,85,81,17.29,broken clouds,0,0.0
59,Kalmunai,LK,7.42,81.82,80.19,78,100,4.45,overcast clouds,0,0.0
60,Hilo,US,19.73,-155.09,82.4,65,20,8.05,few clouds,0,0.0
61,Guia Lopes Da Laguna,BR,-21.46,-56.11,73.02,60,14,1.36,few clouds,0,0.0
62,Chokurdakh,RU,70.63,147.92,70.3,45,61,9.66,broken clouds,0,0.0
63,Yellowknife,CA,62.46,-114.35,70.0,52,75,4.7,broken clouds,0,0.0
64,Norman Wells,CA,65.28,-126.83,66.2,63,75,4.7,broken clouds,0,0.0
65,New Norfolk,AU,-42.78,147.06,42.01,92,0,1.68,clear sky,0,0.0
66,Panaba,MX,21.28,-88.27,80.51,84,52,9.42,light rain,0,0.62
67,Saint-Pierre,RE,-21.34,55.48,66.2,72,15,3.36,few clouds,0,0.0
68,San Luis,AR,-33.3,-66.34,47.68,53,91,6.2,overcast clouds,0,0.0
69,Aykhal,RU,66.0,111.5,59.0,67,20,6.71,few clouds,0,0.0
70,Bonavista,CA,48.65,-53.11,57.99,85,97,5.01,light rain,0,0.19
71,Provideniya,RU,64.38,-173.3,48.2,81,40,15.66,fog,0,0.0
72,Oster,UA,50.95,30.88,57.99,100,100,15.66,moderate rain,0,2.23
73,Busselton,AU,-33.65,115.33,55.99,72,44,13.0,light rain,0,0.28
74,Awbari,LY,26.59,12.78,84.24,20,0,10.25,clear sky,0,0.0
75,Flinders,AU,-34.58,150.86,54.0,92,49,5.99,scattered clouds,0,0.0
76,Port Elizabeth,ZA,-33.92,25.57,59.0,38,0,13.87,clear sky,0,0.0
77,Anzhero-Sudzhensk,RU,56.08,86.03,62.6,100,40,6.71,scattered clouds,0,0.0
78,Gushi,CN,34.64,109.58,74.89,66,19,4.9,few clouds,0,0.0
79,Trincomalee,LK,8.57,81.23,80.65,78,99,18.16,overcast clouds,0,0.0
80,Kapaa,US,22.08,-159.32,82.4,69,40,14.99,heavy intensity rain,0,6.6
81,Qaanaaq,GL,77.48,-69.36,45.91,63,82,3.13,broken clouds,0,0.0
82,Upernavik,GL,72.79,-56.15,41.79,87,94,9.75,overcast clouds,0,0.0
83,Launceston,AU,-41.45,147.17,45.0,93,0,8.05,clear sky,0,0.0
84,Avarua,CK,-21.21,-159.78,71.6,83,98,10.29,moderate rain,0,1.07
85,Saint George,US,37.1,-113.58,107.6,12,1,13.87,clear sky,0,0.0
86,Dikson,RU,73.51,80.55,41.49,97,98,4.99,overcast clouds,0,0.0
87,Sorong,ID,-0.88,131.25,79.0,82,3,6.11,clear sky,0,0.0
88,Lengshuitan,CN,26.41,111.6,82.81,76,95,3.49,overcast clouds,0,0.0
89,Mopipi,BW,-21.18,24.88,43.0,57,0,8.19,clear sky,0,0.0
90,Saskylakh,RU,71.92,114.08,63.0,60,93,17.63,overcast clouds,0,0.0
91,Tabuk,PH,17.42,121.44,80.96,74,100,0.81,overcast clouds,0,0.0
92,Ribeira Grande,PT,38.52,-28.7,68.7,83,2,15.68,clear sky,0,0.0
93,San Jose,US,37.34,-121.89,93.99,25,1,14.99,clear sky,0,0.0
94,Aklavik,CA,68.22,-135.01,57.2,71,90,8.05,light intensity shower rain,0,0.0
95,Ponta Do Sol,PT,32.67,-17.1,69.01,75,0,3.33,clear sky,0,0.0
96,Los Llanos De Aridane,ES,28.66,-17.92,71.6,78,75,11.41,broken clouds,0,0.0
97,Vardo,NO,70.37,31.11,46.65,90,59,3.33,broken clouds,0,0.0
98,Chuy,UY,-33.7,-53.46,44.87,66,40,9.93,scattered clouds,0,0.0
99,Juneau,US,58.3,-134.42,53.6,93,90,11.41,overcast clouds,0,0.0
100,Lakatoro,VU,-16.1,167.42,80.6,74,75,9.17,broken clouds,0,0.0
101,Nikolskoye,RU,59.7,30.79,52.0,87,59,2.24,fog,0,0.0
102,Portland,US,45.52,-122.68,77.0,47,40,5.82,scattered clouds,0,0.0
103,Umm Lajj,SA,25.02,37.27,82.94,72,33,7.23,scattered clouds,0,0.0
104,Puerto Ayora,EC,-0.74,-90.35,69.01,88,81,1.99,broken clouds,0,0.0
105,San Patricio,MX,19.22,-104.7,87.8,74,40,13.87,scattered clouds,0,0.0
106,Bambous Virieux,MU,-20.34,57.76,71.6,83,75,13.87,shower rain,0,0.0
107,Gornyak,RU,50.99,81.47,63.21,79,45,1.57,light rain,0,0.37
108,Biltine,TD,14.53,20.92,87.4,42,51,11.72,broken clouds,0,0.0
109,Aswan,EG,24.09,32.91,82.85,23,23,9.57,few clouds,0,0.0
110,Rundu,NA,-17.93,19.77,46.4,39,0,1.12,clear sky,0,0.0
111,Saint-Philippe,RE,-21.36,55.77,66.2,72,40,3.36,light rain,0,0.4
112,Tasiilaq,GL,65.61,-37.64,39.2,86,0,8.05,clear sky,0,0.0
113,Coquimbo,CL,-29.95,-71.34,55.4,82,59,5.23,broken clouds,0,0.0
114,Georgetown,MY,5.41,100.34,80.6,94,20,4.7,few clouds,0,0.0
115,Khatanga,RU,71.97,102.5,59.58,66,74,18.61,broken clouds,0,0.0
116,Lasa,IT,46.62,10.7,53.6,81,5,1.3,clear sky,0,0.0
117,Nemuro,JP,43.32,145.57,56.26,89,93,3.62,overcast clouds,0,0.0
118,Vanavara,RU,60.34,102.28,66.38,62,38,0.92,scattered clouds,0,0.0
119,Kunya,NG,12.22,8.53,73.4,94,60,4.7,broken clouds,0,0.0
120,Cacapava Do Sul,BR,-30.51,-53.49,44.04,77,51,4.76,broken clouds,0,0.0
121,Pizarro,CO,4.95,-77.37,78.64,83,78,6.44,broken clouds,0,0.0
122,Margate,GB,51.38,1.39,62.01,73,55,1.01,broken clouds,0,0.0
123,Cabo San Lucas,MX,22.89,-109.91,98.6,27,75,17.22,broken clouds,0,0.0
124,Nishihara,JP,26.18,127.76,86.0,79,75,10.29,broken clouds,0,0.0
125,Jeremie,HT,18.65,-74.12,81.99,70,33,1.97,scattered clouds,0,0.0
126,Atuona,PF,-9.8,-139.03,79.83,76,2,20.22,clear sky,0,0.0
127,Sola,VU,-13.88,167.55,80.15,82,26,27.94,light rain,0,0.41
128,Esperance,AU,-33.87,121.9,46.4,65,2,19.46,clear sky,0,0.0
129,Narsaq,GL,60.92,-46.05,53.6,62,100,1.12,light rain,0,0.47
130,Constitucion,CL,-35.33,-72.42,52.86,84,100,6.26,overcast clouds,0,0.0
131,Daudnagar,IN,25.03,84.4,85.96,68,83,6.64,broken clouds,0,0.0
132,Asau,RO,46.43,26.4,53.01,89,100,4.45,overcast clouds,0,0.0
133,Nara,JP,34.69,135.8,72.0,83,90,3.36,light rain,0,0.0
134,Cidreira,BR,-30.18,-50.21,56.17,87,93,6.02,overcast clouds,0,0.0
135,Yulara,AU,-25.24,130.99,41.0,61,0,8.05,clear sky,0,0.0
136,Castro,BR,-24.79,-50.01,58.78,84,4,5.41,clear sky,0,0.0
137,Marzuq,YE,14.4,46.47,82.02,41,72,8.25,broken clouds,0,0.0
138,Leningradskiy,RU,69.38,178.42,43.32,70,57,11.74,broken clouds,0,0.0
139,Matara,LK,5.95,80.54,78.8,88,94,8.14,overcast clouds,0,0.0
140,Nanortalik,GL,60.14,-45.24,46.6,87,100,3.33,light rain,0,0.14
141,Tabory,RU,58.52,64.55,62.71,82,5,6.51,clear sky,0,0.0
142,Manaure,CO,11.78,-72.44,83.82,67,21,15.59,few clouds,0,0.0
143,Bengkulu,ID,-3.8,102.27,74.55,88,71,3.04,broken clouds,0,0.0
144,Borborema,BR,-21.62,-49.07,71.4,53,21,2.86,few clouds,0,0.0
145,Pacific Grove,US,36.62,-121.92,77.0,60,1,12.75,clear sky,0,0.0
146,Buala,SB,-8.14,159.59,82.99,78,97,14.58,moderate rain,0,2.22
147,Jibuti,DJ,11.5,42.5,100.4,29,75,3.36,broken clouds,0,0.0
148,Katobu,ID,-4.94,122.53,78.62,83,24,7.47,few clouds,0,0.0
149,Hami,CN,42.8,93.45,76.91,34,53,11.92,broken clouds,0,0.0
150,Sainte-Anne-Des-Monts,CA,49.12,-66.49,71.24,80,47,7.45,scattered clouds,0,0.0
151,Bandarbeyla,SO,9.49,50.81,82.06,65,69,30.33,broken clouds,0,0.0
152,Kruisfontein,ZA,-34.0,24.73,58.23,32,0,15.64,clear sky,0,0.0
153,Richards Bay,ZA,-28.78,32.04,57.04,69,0,11.54,clear sky,0,0.0
154,Faanui,PF,-16.48,-151.75,79.02,75,100,14.72,overcast clouds,0,0.0
155,Manggar,ID,-2.88,108.27,80.42,85,92,13.44,light rain,0,0.87
156,Tuatapere,NZ,-46.13,167.68,45.36,69,59,4.14,broken clouds,0,0.0
157,Swan Hill,AU,-35.34,143.55,52.14,78,0,12.82,clear sky,0,0.0
158,Isangel,VU,-19.55,169.27,78.8,69,75,11.41,broken clouds,0,0.0
159,Chicama,PE,-7.84,-79.15,63.14,81,11,5.06,few clouds,0,0.0
160,Atambua,ID,-9.11,124.89,76.32,63,100,5.73,overcast clouds,0,0.0
161,Purranque,CL,-40.92,-73.17,37.4,100,82,1.48,mist,0,0.0
162,Morant Bay,JM,17.88,-76.41,87.8,62,20,9.17,few clouds,0,0.0
163,Semme,FR,46.2,1.5,66.2,45,3,10.29,clear sky,0,0.0
164,Pangnirtung,CA,66.15,-65.71,48.81,61,43,1.5,scattered clouds,0,0.0
165,Atyrau,KZ,47.12,51.88,77.0,31,0,8.95,clear sky,0,0.0
166,Arraial Do Cabo,BR,-22.97,-42.03,72.99,78,69,15.68,broken clouds,0,0.0
167,Meadow Lake,US,34.8,-106.54,96.8,13,75,20.8,broken clouds,0,0.0
168,Deputatskiy,RU,69.3,139.9,68.97,46,32,6.35,scattered clouds,0,0.0
169,Bluff,NZ,-46.6,168.33,47.05,68,91,10.38,overcast clouds,0,0.0
170,Ivanteyevka,RU,55.97,37.92,60.8,87,75,8.95,broken clouds,0,0.0
171,Darhan,MN,49.49,105.92,66.54,71,15,4.07,few clouds,0,0.0
172,Cangzhou,CN,38.32,116.87,73.0,76,90,3.11,overcast clouds,0,0.0
173,Gamba,GA,-2.65,10.0,70.47,93,20,6.33,few clouds,0,0.0
174,Cayenne,GF,4.93,-52.33,78.8,94,31,2.24,light rain,0,0.0
175,Grindavik,IS,63.84,-22.43,50.0,93,90,5.82,overcast clouds,0,0.0
176,Sitka,US,57.05,-135.33,59.0,72,75,6.93,broken clouds,0,0.0
177,Shimoda,JP,34.67,138.95,69.8,83,75,5.82,broken clouds,0,0.0
178,Lata,PT,40.16,-8.33,70.0,93,0,1.12,clear sky,0,0.0
179,Aban,RU,56.67,96.06,61.68,71,72,6.04,broken clouds,0,0.0
180,Fort Nelson,CA,58.81,-122.7,69.8,43,75,13.87,broken clouds,0,0.0
181,Quatre Cocos,MU,-20.21,57.76,71.6,83,75,13.87,shower rain,0,0.0
182,Kidal,ML,18.44,1.41,87.98,35,50,13.78,scattered clouds,0,0.0
183,Ludvika,SE,60.15,15.19,51.8,76,56,4.7,broken clouds,0,0.0
184,Qasigiannguit,GL,68.82,-51.19,48.2,70,36,3.36,scattered clouds,0,0.0
185,Belaya Gora,RU,68.53,146.42,75.88,37,96,10.07,overcast clouds,0,0.0
186,Souillac,MU,-20.52,57.52,71.6,83,75,13.87,shower rain,0,0.0
187,Soyo,AO,-6.13,12.37,71.83,83,18,9.01,few clouds,0,0.0
188,Christchurch,NZ,-43.53,172.63,48.0,81,41,3.36,scattered clouds,0,0.0
189,Ostrov,RU,57.34,28.35,51.8,87,32,4.47,scattered clouds,0,0.0
190,Sao Lourenco Do Sul,BR,-31.37,-51.98,45.0,97,81,7.81,broken clouds,0,0.0
191,Tual,ID,-5.67,132.75,79.07,81,44,22.41,scattered clouds,0,0.0
192,Kosa,RU,59.94,55.0,56.52,83,22,3.27,few clouds,0,0.0
193,Vestmanna,FO,62.16,-7.17,50.0,93,100,16.11,light rain,0,0.32
194,Bemidji,US,47.47,-94.88,80.01,47,75,4.7,broken clouds,0,0.0
195,Raudeberg,NO,61.99,5.14,53.6,76,90,5.82,overcast clouds,0,0.0
196,Sobolevo,RU,54.43,31.9,52.57,84,98,11.07,light rain,0,0.16
197,Yanam,IN,16.73,82.22,80.98,86,100,3.71,overcast clouds,0,0.0
198,Manyana,BW,-23.4,21.72,44.01,48,0,10.22,clear sky,0,0.0
199,Leshan,CN,29.56,103.76,75.33,79,96,1.05,overcast clouds,0,0.0
200,Ndele,CF,8.41,20.65,69.93,95,98,1.54,moderate rain,0,1.31
201,Mezen,RU,65.85,44.24,45.7,94,19,3.33,few clouds,0,0.0
202,Mehamn,NO,71.04,27.85,47.48,83,0,5.06,clear sky,0,0.0
203,Strzelce Opolskie,PL,50.51,18.3,54.0,92,8,3.94,clear sky,0,0.0
204,Laguna,US,38.42,-121.42,105.01,11,1,6.93,clear sky,0,0.0
205,Kahului,US,20.89,-156.47,89.6,46,40,29.97,scattered clouds,0,0.0
206,Ancud,CL,-41.87,-73.82,39.0,93,75,2.24,broken clouds,0,0.0
207,Kyabe,TD,9.45,18.94,75.61,82,95,2.57,light rain,0,0.24
208,Puerto Escondido,MX,15.85,-97.07,86.0,70,75,5.82,broken clouds,0,0.0
209,Talas,TR,38.69,35.55,59.0,82,0,1.92,clear sky,0,0.0
210,Oranjemund,NA,-28.55,16.43,54.88,80,0,13.38,clear sky,0,0.0
211,Nabire,ID,-3.37,135.48,81.72,74,99,3.49,overcast clouds,0,0.0
212,Kavaratti,IN,10.57,72.64,82.45,75,100,10.69,moderate rain,0,1.07
213,Itarema,BR,-2.92,-39.92,77.88,77,57,14.61,broken clouds,0,0.0
214,Hofn,IS,64.25,-15.21,50.95,87,100,8.08,light rain,0,0.23
215,San Policarpo,PH,12.18,125.51,82.62,73,100,2.66,overcast clouds,0,0.0
216,Touros,BR,-5.2,-35.46,71.6,94,14,3.36,few clouds,0,0.0
217,Cherskiy,RU,68.75,161.3,54.52,89,100,2.82,overcast clouds,0,0.0
218,Agara,GE,42.04,43.82,65.08,73,99,1.61,overcast clouds,0,0.0
219,Salalah,OM,17.02,54.09,80.6,94,90,3.36,drizzle,0,0.0
220,Marsaxlokk,MT,35.84,14.54,75.0,69,0,3.36,clear sky,0,0.0
221,Sangar,RU,63.92,127.47,75.83,67,28,4.09,scattered clouds,0,0.0
222,Camana,PE,-16.62,-72.71,59.2,76,5,6.2,clear sky,0,0.0
223,Victoria,HK,22.29,114.16,86.0,74,11,4.0,few clouds,0,0.0
224,Kaeo,NZ,-35.1,173.78,57.99,3,43,5.99,light rain,0,0.16
225,Qaqortoq,GL,60.72,-46.03,53.6,62,100,1.12,light rain,0,0.36
226,Araouane,ML,18.9,-3.53,97.18,23,4,3.67,clear sky,0,0.0
227,Yeniseysk,RU,58.45,92.17,61.07,74,0,4.65,clear sky,0,0.0
228,Omsukchan,RU,62.53,155.8,69.42,39,7,4.61,clear sky,0,0.0
229,Aksu,CN,41.12,80.26,71.29,39,6,3.18,clear sky,0,0.0
230,Jakar,BT,27.55,90.75,59.56,75,96,0.6,overcast clouds,0,0.0
231,Santa Rosa,PH,14.31,121.11,81.0,87,100,1.99,light rain,0,0.7
232,Mazamari,PE,-11.33,-74.53,73.18,71,53,0.78,broken clouds,0,0.0
233,Catabola,AO,-12.15,17.28,52.32,44,0,3.47,clear sky,0,0.0
234,Nhulunbuy,AU,-12.23,136.77,77.0,53,96,16.11,overcast clouds,0,0.0
235,Sao Filipe,CV,14.9,-24.5,74.28,82,73,3.47,broken clouds,0,0.0
236,Camacha,PT,33.08,-16.33,68.0,77,40,10.29,scattered clouds,0,0.0
237,Deniliquin,AU,-35.53,144.97,53.01,82,41,10.22,scattered clouds,0,0.0
238,Sambava,MG,-14.27,50.17,69.66,85,71,9.62,light rain,0,0.53
239,Lesnoy,RU,57.62,63.08,61.18,83,0,5.99,clear sky,0,0.0
240,Gizo,SB,-8.1,156.84,82.63,77,95,14.85,moderate rain,0,1.76
241,Lardos,GR,36.09,28.02,78.01,73,0,14.99,clear sky,0,0.0
242,Mormugao,IN,15.4,73.8,79.61,82,100,5.1,light rain,0,0.58
243,Yar-Sale,RU,66.83,70.83,51.96,95,100,13.29,light rain,0,0.64
244,Kotovo,RU,50.32,44.8,68.72,80,50,7.29,scattered clouds,0,0.0
245,Avera,US,33.19,-82.53,89.6,49,1,3.36,clear sky,0,0.0
246,Abonnema,NG,4.71,6.79,73.4,100,20,4.74,few clouds,0,0.0
247,Toyooka,JP,35.53,134.83,66.2,93,75,6.93,moderate rain,0,0.0
248,Coyula,MX,20.63,-103.2,71.6,56,90,9.17,thunderstorm with light rain,0,0.0
249,Canillo,AD,42.58,1.67,61.0,61,99,0.76,light rain,0,0.72
250,Clyde River,CA,70.47,-68.59,42.8,87,20,5.82,few clouds,0,0.0
251,Altamira,BR,-3.2,-52.21,76.57,84,75,1.23,broken clouds,0,0.0
252,Vila Franca Do Campo,PT,37.72,-25.43,68.0,72,75,4.7,broken clouds,0,0.0
253,Liverpool,GB,53.41,-2.98,60.8,63,20,8.05,few clouds,0,0.0
254,Kulykivka,UA,51.37,31.65,56.68,91,100,14.74,light rain,0,0.62
255,Flin Flon,CA,54.77,-101.86,75.2,60,90,13.87,overcast clouds,0,0.0
256,Faya,SA,18.39,42.45,73.4,53,20,9.17,few clouds,0,0.0
257,Lompoc,US,34.64,-120.46,75.0,60,0,16.11,clear sky,0,0.0
258,Tiksi,RU,71.69,128.87,64.15,52,74,8.46,broken clouds,0,0.0
259,Shubarkuduk,KZ,49.14,56.49,81.63,46,89,8.21,overcast clouds,0,0.0
260,Hambantota,LK,6.12,81.12,80.56,81,97,15.61,overcast clouds,0,0.0
261,Sisimiut,GL,66.94,-53.67,51.08,62,81,11.99,broken clouds,0,0.0
262,Trairi,BR,-3.28,-39.27,76.05,83,54,11.07,light rain,0,0.41
263,Mineiros,BR,-17.57,-52.55,70.18,53,76,3.83,broken clouds,0,0.0
264,Puertollano,ES,38.69,-4.11,75.0,66,10,1.99,clear sky,0,0.0
265,Merauke,ID,-8.47,140.33,79.09,80,76,15.41,broken clouds,0,0.0
266,Rocha,UY,-34.48,-54.33,41.63,67,59,8.21,broken clouds,0,0.0
267,Walvis Bay,NA,-22.96,14.51,55.0,100,0,6.93,clear sky,0,0.0
268,San Quintin,MX,30.48,-115.95,79.32,50,4,15.39,clear sky,0,0.0
269,Obo,CF,5.4,26.49,67.64,94,100,1.88,overcast clouds,0,0.0
270,Shelton,US,41.32,-73.09,84.2,54,1,10.29,clear sky,0,0.0
271,Lermontovka,RU,47.15,134.34,74.3,74,13,3.71,few clouds,0,0.0
272,Virginia Beach,US,36.85,-75.98,91.99,36,40,10.29,scattered clouds,0,0.0
273,Lebu,CL,-37.62,-73.65,48.36,90,100,8.9,overcast clouds,0,0.0
274,Arrifes,PT,37.77,-25.7,68.0,72,75,4.7,broken clouds,0,0.0
275,Ginir,ET,7.13,40.7,57.85,87,23,10.36,few clouds,0,0.0
276,Villahermosa,MX,17.98,-92.92,93.2,49,40,13.87,scattered clouds,0,0.0
277,Namatanai,PG,-3.67,152.43,77.76,84,100,4.83,overcast clouds,0,0.0
278,Gat,IL,31.61,34.76,73.99,82,2,3.31,clear sky,0,0.0
279,Marion,US,39.77,-86.16,81.0,57,75,12.75,broken clouds,0,0.0
280,Smithers,CA,54.78,-127.17,64.4,39,75,13.87,broken clouds,0,0.0
281,Otjimbingwe,NA,-22.35,16.13,49.75,48,0,3.85,clear sky,0,0.0
282,Paamiut,GL,61.99,-49.67,44.55,82,100,9.93,light rain,0,0.13
283,Jumla,NP,29.27,82.18,57.58,68,40,2.26,scattered clouds,0,0.0
284,Sinnamary,GF,5.38,-52.95,77.94,89,50,9.33,light rain,0,0.52
285,Guerrero Negro,MX,27.98,-114.06,81.34,42,0,19.66,clear sky,0,0.0
286,El Colomo,MX,19.05,-104.25,87.8,74,40,13.87,scattered clouds,0,0.0
287,Solok,ID,-0.79,100.66,70.79,88,84,1.07,light rain,0,0.58
288,Totness,SR,5.88,-56.32,78.87,86,98,9.51,light rain,0,0.26
289,Bojnurd,IR,37.47,57.33,69.8,60,90,6.93,overcast clouds,0,0.0
290,Assiniboia,CA,49.63,-105.98,80.6,35,94,10.36,overcast clouds,0,0.0
291,Erdenet,MN,49.03,104.08,60.26,83,38,2.26,scattered clouds,0,0.0
292,Kavieng,PG,-2.57,150.8,83.73,69,99,4.65,overcast clouds,0,0.0
293,Cabedelo,BR,-6.98,-34.83,73.4,88,20,4.7,few clouds,0,0.0
294,Ampanihy,MG,-24.7,44.75,62.28,85,46,3.8,scattered clouds,0,0.0
295,Tarauaca,BR,-8.16,-70.77,77.72,67,31,0.92,scattered clouds,0,0.0
296,Port Keats,AU,-14.25,129.55,73.72,24,100,15.84,overcast clouds,0,0.0
297,Raduzhnyy,RU,62.1,77.47,56.98,81,30,7.07,scattered clouds,0,0.0
298,Kudahuvadhoo,MV,2.67,72.89,83.98,70,79,6.69,broken clouds,0,0.0
299,Shar,KZ,49.59,81.05,66.52,57,17,3.31,few clouds,0,0.0
300,Komsomolskiy,UZ,40.43,71.72,73.4,53,97,4.7,overcast clouds,0,0.0
301,Falmouth,GB,50.15,-5.07,59.0,81,2,6.93,clear sky,0,0.0
302,Kanigoro,ID,-8.13,112.22,73.94,82,84,2.64,broken clouds,0,0.0
303,Kaitangata,NZ,-46.28,169.85,46.0,68,3,8.01,clear sky,0,0.0
304,Simao,CN,22.79,100.97,65.77,96,100,3.89,heavy intensity rain,0,5.47
305,Grand Gaube,MU,-20.01,57.66,71.01,76,5,8.99,clear sky,0,0.0
306,Pascagoula,US,30.37,-88.56,93.2,59,1,4.7,clear sky,0,0.0
307,Kununurra,AU,-15.77,128.73,68.0,24,95,9.17,overcast clouds,0,0.0
308,Haines Junction,CA,60.75,-137.51,63.32,41,78,11.32,broken clouds,0,0.0
309,Saldanha,ZA,-33.01,17.94,59.0,82,65,28.86,moderate rain,0,2.15
310,Petropavlovsk-Kamchatskiy,RU,53.05,158.65,60.8,82,75,4.47,broken clouds,0,0.0
311,Poum,NC,-20.23,164.02,73.81,75,0,8.9,clear sky,0,0.0
312,Mae Hong Son,TH,19.3,97.97,73.96,88,100,1.19,moderate rain,0,2.73
313,Raga,SS,8.46,25.68,69.48,95,96,3.33,overcast clouds,0,0.0
314,Do Gonbadan,IR,30.36,50.8,89.6,21,0,5.32,clear sky,0,0.0
315,Hasaki,JP,35.73,140.83,70.0,93,75,8.05,light intensity shower rain,0,0.0
316,Alofi,NU,-19.06,-169.92,77.0,78,74,21.92,broken clouds,0,0.0
317,Reserva,BR,-24.65,-50.85,57.6,93,10,1.41,clear sky,0,0.0
318,Cedar City,US,37.68,-113.06,98.6,9,1,21.92,clear sky,0,0.0
319,Maniitsoq,GL,65.42,-52.9,46.04,78,100,15.3,overcast clouds,0,0.0
320,Livingston,GB,55.9,-3.52,59.0,77,75,9.17,broken clouds,0,0.0
321,Wejherowo,PL,54.61,18.24,57.0,82,20,9.17,few clouds,0,0.0
322,Winnemucca,US,40.97,-117.74,96.8,4,1,14.99,clear sky,0,0.0
323,Safranbolu,TR,41.25,32.69,60.76,86,5,1.36,clear sky,0,0.0
324,Fortuna,US,40.6,-124.16,71.6,56,20,18.34,few clouds,0,0.0
325,Ulladulla,AU,-35.35,150.47,52.0,93,40,8.05,scattered clouds,0,0.0
326,Nueva Guinea,NI,11.69,-84.46,75.02,91,100,7.9,overcast clouds,0,0.0
327,Semnan,IR,35.57,53.4,75.06,46,96,13.51,overcast clouds,0,0.0
328,Okhotsk,RU,59.38,143.3,68.52,55,32,7.09,scattered clouds,0,0.0
329,Lerwick,GB,60.15,-1.15,53.6,81,99,10.29,overcast clouds,0,0.0
330,Auki,SB,-8.77,160.7,84.13,71,88,6.71,light rain,0,0.23
331,Dossor,KZ,47.53,52.98,86.88,18,0,7.11,clear sky,0,0.0
332,Berbera,SO,10.44,45.01,92.03,38,63,36.1,broken clouds,0,0.0
333,Lyantonde,UG,-0.4,31.16,64.49,79,60,3.67,light rain,0,0.17
334,Roald,NO,62.58,6.13,50.0,76,60,5.82,broken clouds,0,0.0
335,Agadir,MA,30.42,-9.6,75.2,69,40,5.82,scattered clouds,0,0.0
336,Nouadhibou,MR,20.93,-17.03,71.6,83,0,10.29,light rain,0,0.13
337,Port Hedland,AU,-20.32,118.57,59.0,22,15,9.17,few clouds,0,0.0
338,Nusaybin,TR,37.08,41.22,80.37,31,31,1.95,scattered clouds,0,0.0
339,Ewa Beach,US,21.32,-158.01,84.2,51,20,11.41,few clouds,0,0.0
340,Muros,ES,42.78,-9.06,70.0,60,0,7.0,clear sky,0,0.0
341,Le Port,RE,-20.94,55.29,66.2,68,10,10.29,light rain,0,0.11
342,Williams Lake,CA,52.14,-122.14,50.0,93,75,6.93,shower rain,0,0.0
343,Sterling,US,39.01,-77.43,79.0,61,75,5.82,light rain,0,0.51
344,Barranca De Upia,CO,4.57,-72.97,74.17,90,29,3.51,light rain,0,0.19
345,Kholuy,RU,56.58,41.87,61.57,89,0,3.74,clear sky,0,0.0
346,Kawalu,ID,-7.38,108.21,71.65,90,98,1.36,overcast clouds,0,0.0
347,Montlucon,FR,46.33,2.6,57.99,67,25,1.95,scattered clouds,0,0.0
348,Sechura,PE,-5.56,-80.82,66.67,74,7,16.55,clear sky,0,0.0
349,Las Choapas,MX,17.93,-94.08,87.8,74,40,7.9,scattered clouds,0,0.0
350,Hovd,MN,48.01,91.64,60.71,65,20,1.07,few clouds,0,0.0
351,Chapais,CA,49.78,-74.85,62.6,88,90,6.93,overcast clouds,0,0.0
352,Jizan,SA,17.33,42.67,91.4,66,40,5.82,scattered clouds,0,0.0
353,Kuito,AO,-12.38,16.93,51.8,45,0,3.13,clear sky,0,0.0
354,Taltal,CL,-25.4,-70.48,55.17,80,25,2.98,scattered clouds,0,0.0
355,Hamilton,US,39.18,-84.53,77.0,64,75,11.41,light rain,0,0.51
356,Nurota,UZ,40.56,65.69,77.0,53,0,4.7,clear sky,0,0.0
357,Ketchikan,US,55.34,-131.65,59.0,77,75,12.75,broken clouds,0,0.0
358,Ulvik,NO,60.57,6.92,52.0,88,68,3.58,broken clouds,0,0.0
359,Masterton,NZ,-40.96,175.66,53.01,66,86,4.0,overcast clouds,0,0.0
360,Carovigno,IT,40.71,17.66,77.0,69,0,23.04,clear sky,0,0.0
361,Lavrentiya,RU,65.58,-171.0,46.35,74,3,6.78,clear sky,0,0.0
362,Adre,TD,13.47,22.2,74.82,69,84,8.55,broken clouds,0,0.0
363,Harnosand,SE,62.63,17.94,50.0,93,73,6.93,light rain,0,0.48
364,Katsuura,JP,35.13,140.3,72.0,79,100,3.0,overcast clouds,0,0.0
365,Ipixuna,BR,-1.76,-48.8,82.4,83,20,6.93,few clouds,0,0.0
366,Quelimane,MZ,-17.88,36.89,67.86,81,85,6.73,overcast clouds,0,0.0
367,Banda Aceh,ID,5.56,95.32,79.95,69,100,2.8,overcast clouds,0,0.0
368,Marawi,PH,8.0,124.29,77.0,82,100,7.0,overcast clouds,0,0.0
369,Scranton,US,41.41,-75.66,75.0,74,74,1.01,light rain,0,0.99
370,Talnakh,RU,69.49,88.4,51.8,93,96,2.24,overcast clouds,0,0.0
371,Ambulu,ID,-8.35,113.61,74.8,85,96,2.68,overcast clouds,0,0.0
372,Bjerkvik,NO,68.56,17.52,46.4,93,99,11.41,overcast clouds,0,0.0
373,Ilulissat,GL,69.22,-51.1,48.2,70,23,3.36,few clouds,0,0.0
374,Kaputa,ZM,-8.47,29.66,68.88,49,1,3.18,clear sky,0,0.0
375,Vestmannaeyjar,IS,63.44,-20.27,50.58,92,100,4.29,light rain,0,0.64
376,Lander,US,42.83,-108.73,95.0,10,1,10.29,clear sky,0,0.0
377,Vanimo,PG,-2.67,141.3,81.99,79,100,0.85,moderate rain,0,1.21
378,Cockburn Town,TC,21.46,-71.14,84.2,70,40,11.41,scattered clouds,0,0.0
379,Zhigansk,RU,66.77,123.37,69.91,51,67,3.27,broken clouds,0,0.0
380,Gidole,ET,5.65,37.37,60.48,75,98,1.05,overcast clouds,0,0.0
381,Northam,GB,51.03,-4.22,55.0,88,23,3.0,few clouds,0,0.0
382,Eirunepe,BR,-6.66,-69.87,73.99,94,63,2.13,broken clouds,0,0.0
383,Kibala,TD,9.11,18.35,75.0,86,100,2.08,light rain,0,0.69
384,Champerico,GT,14.3,-91.92,78.8,94,40,4.7,scattered clouds,0,0.0
385,Saint-Augustin,CA,51.23,-58.65,62.22,97,100,12.1,overcast clouds,0,0.0
386,Phek,IN,25.67,94.5,62.42,100,100,0.47,moderate rain,0,2.49
387,Coolum Beach,AU,-26.53,153.1,61.0,82,100,1.99,light rain,0,0.5
388,Elko,US,41.0,-115.5,93.99,2,0,18.01,clear sky,0,0.0
389,Sao Felix Do Xingu,BR,-6.64,-51.99,80.2,56,58,2.19,broken clouds,0,0.0
390,Uchiza,PE,-8.46,-76.46,74.03,71,67,2.39,broken clouds,0,0.0
391,Kayankulam,IN,9.18,76.5,76.73,90,87,4.59,overcast clouds,0,0.0
392,Pangoa,PE,-12.12,-73.0,69.4,94,62,2.1,broken clouds,0,0.0
393,Bairnsdale,AU,-37.83,147.62,54.0,97,68,3.0,light rain,0,0.31
394,Port Moresby,PG,-9.44,147.18,77.0,94,20,3.36,few clouds,0,0.0
395,Berlevag,NO,70.86,29.09,47.34,87,5,3.4,clear sky,0,0.0
396,Ahipara,NZ,-35.17,173.17,60.35,82,37,11.36,light rain,0,0.22
397,Pemba,MZ,-12.97,40.52,71.73,87,17,14.27,few clouds,0,0.0
398,Ajdabiya,LY,30.76,20.23,70.09,89,0,8.14,clear sky,0,0.0
399,Henties Bay,NA,-22.12,14.28,55.0,93,0,9.91,clear sky,0,0.0
400,Ninh Binh,VN,20.25,105.97,84.25,73,2,3.65,clear sky,0,0.0
401,Maneadero,MX,31.72,-116.57,86.0,26,22,5.01,light rain,0,0.25
402,Balakhninskiy,RU,58.01,114.28,72.45,72,40,3.11,scattered clouds,0,0.0
403,Nadapuram,IN,11.7,75.67,75.2,88,75,12.75,light rain,0,0.0
404,Popova,RU,42.96,131.72,68.0,77,75,6.71,broken clouds,0,0.0
405,Tombouctou,ML,20.0,-3.0,97.05,25,29,8.3,scattered clouds,0,0.0
406,Bobo Dioulasso,BF,11.18,-4.3,77.0,83,20,2.24,few clouds,0,0.0
407,Kloulklubed,PW,7.04,134.26,77.0,94,75,3.36,broken clouds,0,0.0
408,Fukue,JP,32.69,128.84,77.0,100,75,14.99,broken clouds,0,0.0
409,Tabou,CI,4.42,-7.35,75.02,81,71,7.92,broken clouds,0,0.0
410,Atasu,KZ,48.68,71.64,67.46,76,0,8.05,clear sky,0,0.0
411,Dingle,PH,11.0,122.67,81.7,81,92,2.51,light rain,0,0.34
412,Gayny,RU,60.31,54.32,54.81,85,14,3.58,few clouds,0,0.0
413,Srednekolymsk,RU,67.45,153.68,70.77,46,24,7.67,few clouds,0,0.0
414,San Jeronimo,PE,-11.95,-75.28,51.6,62,15,4.38,light rain,0,0.15
415,Isabela,PH,6.71,121.97,81.01,79,97,2.66,overcast clouds,0,0.0
416,Esil,KZ,51.96,66.4,63.52,79,2,6.02,clear sky,0,0.0
417,Bilma,NE,18.69,12.92,89.53,34,86,7.9,overcast clouds,0,0.0
418,Tura,IN,25.52,90.22,74.39,97,93,5.46,light rain,0,0.61
419,Pimentel,PE,-6.84,-79.93,62.47,87,28,12.48,scattered clouds,0,0.0
420,Te Anau,NZ,-45.42,167.72,40.75,76,4,0.54,clear sky,0,0.0
421,College,US,64.86,-147.8,71.6,28,75,3.36,broken clouds,0,0.0
422,Kendari,ID,-3.94,122.5,77.23,88,53,2.13,broken clouds,0,0.0
423,Sukhobezvodnoye,RU,57.05,44.89,61.45,94,0,2.24,clear sky,0,0.0
424,Chkalovskoye,RU,44.84,133.04,70.14,76,6,4.25,clear sky,0,0.0
425,Constantine,DZ,36.37,6.61,71.6,56,0,6.93,clear sky,0,0.0
426,Ozernovskiy,RU,51.5,156.52,52.84,87,100,6.46,overcast clouds,0,0.0
427,Mazagao,BR,-0.12,-51.29,82.4,83,51,5.82,broken clouds,0,0.0
428,Rockhampton,AU,-23.38,150.5,64.4,59,33,8.05,scattered clouds,0,0.0
429,Hammerfest,NO,70.66,23.68,50.0,76,70,4.7,light rain,0,0.37
430,Vao,NC,-22.67,167.48,71.96,79,62,19.64,broken clouds,0,0.0
431,Seoul,KR,37.57,126.98,66.2,93,90,5.82,moderate rain,0,3.3
432,Safaga,EG,26.73,33.94,87.8,27,0,14.99,clear sky,0,0.0
433,Phangnga,TH,8.45,98.53,77.0,94,40,2.24,scattered clouds,0,0.0
434,Erdemli,TR,36.6,34.31,79.03,69,1,7.36,clear sky,0,0.0
435,Killybegs,IE,54.63,-8.45,57.99,94,98,5.99,light rain,0,0.12
436,Rio Grande,BR,-32.03,-52.1,45.0,97,74,12.55,broken clouds,0,0.0
437,Gunjur,GM,13.2,-16.73,77.0,100,75,4.7,moderate rain,0,0.0
438,Candiis,PH,8.97,125.18,83.14,69,98,1.36,overcast clouds,0,0.0
439,Moose Factory,CA,51.26,-80.61,59.0,82,90,8.05,overcast clouds,0,0.0
440,Pisco,PE,-13.7,-76.22,62.01,87,20,5.82,mist,0,0.0
441,Bowen,AU,-20.02,148.23,69.8,49,90,11.41,overcast clouds,0,0.0
442,Saint-Joseph,RE,-21.37,55.62,66.2,72,24,3.36,light rain,0,0.21
443,Ostrovnoy,RU,68.05,39.51,47.71,91,100,7.61,overcast clouds,0,0.0
444,Yangambi,CD,0.81,24.43,70.59,96,100,1.66,moderate rain,0,2.4
445,Kodinsk,RU,58.69,99.18,66.09,60,0,1.92,clear sky,0,0.0
446,Turukhansk,RU,65.82,87.98,60.44,75,67,7.29,broken clouds,0,0.0
447,Yambio,SS,4.57,28.4,66.47,96,100,0.63,overcast clouds,0,0.0
448,Kailua,US,21.4,-157.74,84.2,48,75,10.29,broken clouds,0,0.0
449,Teya,RU,60.38,92.63,65.64,62,55,5.17,broken clouds,0,0.0
450,Boyolangu,ID,-8.12,111.89,74.34,87,83,1.1,broken clouds,0,0.0
451,Jiwani,PK,25.05,61.74,83.88,79,83,7.72,broken clouds,0,0.0
452,Bestobe,KZ,52.5,73.1,64.04,78,39,8.97,scattered clouds,0,0.0
453,Barra,BR,-11.09,-43.14,75.56,50,21,9.46,few clouds,0,0.0
454,Lumphat,KH,13.49,106.98,75.33,96,93,1.5,overcast clouds,0,0.0
455,Ajaccio,FR,42.0,8.92,73.4,83,40,4.7,scattered clouds,0,0.0
456,Zhezkazgan,KZ,47.8,67.71,76.08,54,0,9.66,clear sky,0,0.0
457,Alamos,MX,27.02,-108.93,102.0,39,28,8.01,scattered clouds,0,0.0
458,Khandyga,RU,62.67,135.6,80.4,46,26,4.54,scattered clouds,0,0.0
459,Chistogorskiy,RU,53.98,87.38,60.55,83,5,1.99,clear sky,0,0.0
460,Dovers,VC,12.88,-61.18,77.0,100,40,5.82,light intensity shower rain,0,0.0
461,Horsham,GB,51.06,-0.33,57.0,76,58,1.12,broken clouds,0,0.0
462,Lingao,CN,19.91,109.69,82.67,75,0,5.59,clear sky,0,0.0
463,Tessalit,ML,20.2,1.01,91.63,28,29,8.7,scattered clouds,0,0.0
464,Puerto Del Rosario,ES,28.5,-13.86,71.6,88,0,16.11,clear sky,0,0.0
465,Kieta,PG,-6.22,155.63,79.81,84,100,11.65,heavy intensity rain,0,5.02
466,Sosnovo-Ozerskoye,RU,52.52,111.54,59.61,94,97,1.36,overcast clouds,0,0.0
467,Biak,ID,-0.91,122.88,78.89,79,28,7.14,scattered clouds,0,0.0
468,Komatipoort,ZA,-25.43,31.95,53.6,62,0,5.82,clear sky,0,0.0
469,Pavlodar,KZ,52.3,76.95,64.4,68,40,13.42,scattered clouds,0,0.0
470,Acoua,YT,-12.72,45.06,75.2,73,0,6.93,clear sky,0,0.0
471,Viedma,AR,-40.81,-63.0,41.67,63,0,14.32,clear sky,0,0.0
472,Malatya,TR,38.5,38.0,77.0,44,0,4.7,clear sky,0,0.0
473,Pangkalanbuun,ID,-2.68,111.62,74.32,94,90,3.36,overcast clouds,0,0.0
474,Koumac,NC,-20.57,164.28,76.53,57,2,1.86,clear sky,0,0.0
475,Piranshahr,IR,36.7,45.14,63.21,64,8,4.41,clear sky,0,0.0
476,Honiara,SB,-9.43,159.95,84.2,79,75,9.17,broken clouds,0,0.0
477,Springbok,ZA,-29.66,17.89,40.3,93,12,10.94,few clouds,0,0.0
478,Soe,ID,-9.86,124.28,69.39,83,73,7.96,broken clouds,0,0.0
479,Geraldton,AU,-28.77,114.6,51.8,62,40,14.99,scattered clouds,0,0.0
480,Pouembout,NC,-21.13,164.9,74.68,71,22,4.03,few clouds,0,0.0
481,Windsor,CA,42.3,-83.02,82.0,44,40,12.75,scattered clouds,0,0.0
482,Yeppoon,AU,-23.13,150.73,64.4,59,59,8.05,broken clouds,0,0.0
483,Santa Isabel Do Rio Negro,BR,-0.41,-65.02,74.5,95,85,1.1,overcast clouds,0,0.0
484,Vostok,RU,46.49,135.88,65.14,87,86,1.01,light rain,0,0.26
485,Zychlin,PL,52.24,19.63,48.2,100,8,2.24,fog,0,0.0
486,Husavik,IS,66.04,-17.34,51.8,93,40,3.36,drizzle,0,0.0
487,Baruun-Urt,MN,46.68,113.28,69.46,69,100,5.84,overcast clouds,0,0.0
488,Copiapo,CL,-27.37,-70.33,53.6,81,1,13.87,clear sky,0,0.0
489,Fruitvale,US,39.08,-108.5,100.4,9,1,10.29,clear sky,0,0.0
490,Lagoa,PT,39.05,-27.98,68.61,80,0,14.5,clear sky,0,0.0
491,Tukrah,LY,32.53,20.58,74.57,78,6,7.4,clear sky,0,0.0
492,Iqaluit,CA,63.75,-68.51,59.0,62,75,11.41,shower rain,0,0.0
493,Noumea,NC,-22.28,166.46,75.2,60,75,3.36,broken clouds,0,0.0
494,Vryburg,ZA,-26.96,24.73,41.32,57,0,11.03,clear sky,0,0.0
495,Cortez,US,37.35,-108.59,98.6,12,1,13.87,clear sky,0,0.0
496,Tignere,CM,7.37,12.65,63.32,96,80,1.41,broken clouds,0,0.0
497,Usinsk,RU,65.99,57.53,51.3,89,65,19.3,broken clouds,0,0.0
498,Sur,OM,22.57,59.53,84.96,68,99,7.87,overcast clouds,0,0.0
499,Mnogovershinnyy,RU,53.94,139.92,63.97,70,86,3.22,overcast clouds,0,0.0
500,Mwandiga,TZ,-4.83,29.66,75.94,60,52,3.49,broken clouds,0,0.0
501,Nizhnyaya Poyma,RU,56.16,97.19,64.13,67,96,5.61,overcast clouds,0,0.0
502,Dwarka,IN,22.24,68.97,83.48,82,87,16.96,light rain,0,0.17
503,Bayir,TR,37.27,28.22,71.6,83,0,4.83,clear sky,0,0.0
504,Khandbari,NP,27.37,87.2,73.38,78,93,0.72,overcast clouds,0,0.0
505,Leh,IN,34.17,77.58,54.88,41,30,4.85,scattered clouds,0,0.0
506,Mao,ES,39.89,4.27,71.6,53,44,6.93,scattered clouds,0,0.0
507,Opuwo,NA,-18.06,13.84,50.61,53,0,3.74,clear sky,0,0.0
508,Klaksvik,FO,62.23,-6.59,50.0,93,100,16.11,overcast clouds,0,0.0
509,Pershotravneve,UA,51.39,28.87,52.09,95,100,9.66,overcast clouds,0,0.0
510,Goderich,CA,43.75,-81.72,69.01,76,64,11.45,broken clouds,0,0.0
511,Diapaga,BF,12.07,1.79,78.31,77,41,8.84,scattered clouds,0,0.0
512,Arlit,NE,18.74,7.39,93.6,15,0,12.21,clear sky,0,0.0
513,Presidente Olegario,BR,-18.42,-46.42,62.01,65,58,0.98,broken clouds,0,0.0
514,Oyama,JP,36.3,139.8,72.0,82,75,6.93,broken clouds,0,0.0
515,Bure,ET,10.7,37.07,57.36,97,100,1.52,light rain,0,0.56
516,Premia De Mar,ES,41.49,2.37,77.0,69,95,1.99,overcast clouds,0,0.0
517,Manado,ID,1.49,124.85,75.2,100,20,1.12,few clouds,0,0.0
518,Palimbang,PH,6.21,124.19,83.05,64,97,1.52,overcast clouds,0,0.0
519,San Vicente,AR,-26.62,-54.13,59.23,100,5,1.99,clear sky,0,0.0
520,Amla,IN,21.93,78.12,73.65,90,95,9.82,overcast clouds,0,0.0
521,Teahupoo,PF,-17.83,-149.27,80.6,69,75,19.46,broken clouds,0,0.0
522,Kem,RU,64.96,34.58,50.14,89,0,2.77,clear sky,0,0.0
523,Amahai,ID,-3.33,128.92,78.58,86,73,9.86,moderate rain,0,1.3
524,Podyuga,RU,61.09,40.86,53.92,79,98,1.14,overcast clouds,0,0.0
525,Occhiobello,IT,44.92,11.58,66.99,74,0,5.57,clear sky,0,0.0
526,Prince Rupert,CA,54.32,-130.32,59.0,77,1,5.82,clear sky,0,0.0
527,Ossora,RU,59.24,163.07,55.62,85,100,9.42,overcast clouds,0,0.0
528,Benghazi,LY,32.12,20.07,75.85,81,1,10.38,clear sky,0,0.0
529,Hailar,CN,49.2,119.7,75.6,56,65,7.31,broken clouds,0,0.0
530,Wewak,PG,-3.55,143.63,82.26,76,100,2.19,light rain,0,0.25
531,Pundaguitan,PH,6.37,126.17,82.54,69,93,1.74,overcast clouds,0,0.0
532,Nha Trang,VN,12.25,109.18,82.4,83,20,2.24,few clouds,0,0.0
533,Barentu,ER,15.11,37.59,69.24,78,99,15.46,overcast clouds,0,0.0
534,Juan Lacaze,UY,-34.43,-57.44,51.8,50,81,17.22,broken clouds,0,0.0
535,Kodinar,IN,20.79,70.7,82.24,83,61,13.02,light rain,0,0.79
536,Hihya,EG,30.67,31.59,77.0,78,40,8.05,scattered clouds,0,0.0
537,Santa Isabel,BR,-23.32,-46.22,71.6,77,12,3.36,few clouds,0,0.0
538,Bhanvad,IN,21.93,69.77,81.01,87,87,9.08,light rain,0,0.15
539,Nazare,BR,-13.04,-39.01,68.63,94,6,1.59,clear sky,0,0.0
540,Saint-Francois,FR,46.42,3.91,55.99,71,37,2.24,scattered clouds,0,0.0
541,Turayf,SA,31.67,38.66,75.2,64,0,13.87,clear sky,0,0.0
542,Riachao,BR,-7.36,-46.62,77.0,40,58,2.71,broken clouds,0,0.0
543,Troitsko-Pechorsk,RU,62.71,56.2,55.2,76,51,8.93,broken clouds,0,0.0
544,San Cristobal,VE,7.77,-72.22,78.8,78,40,2.24,scattered clouds,0,0.0
545,Corowa,AU,-36.03,146.38,46.99,97,97,7.43,overcast clouds,0,0.0
